{"G6PDH2r": 1.4471, "PMEACPE": 7.7436e-07, "GLYCLTtex": -0.00025902, "Kabcpp": 0.075575, "UAMAGS": 0.010759, "PGI": 18.5529, "DDPA": 0.14756, "Htex": -37.3981, "EX_cobalt2(e)": -9.6795e-06, "UPP3MT": 8.6341e-05, "BMOCOS": 4.7236e-05, "ACACT4r": 0.13779, "P5CR": 0.085588, "TMPPP": 8.6341e-05, "ATPM": 3.15, "GLUTRR": 0.0013815, "GLUTRS": 0.0013815, "GLCtexi": 20.0, "MN2tpp": 0.00026754, "G1PACT": 0.036584, "HBZOPT": 8.6341e-05, "G5SADs": 0.085588, "MOADSUx": 0.00018894, "ACACT3r": 0.13779, "THDPS": 0.14362, "PANTS": 0.00022302, "E4PD": 8.6341e-05, "ILEt2rpp": -3.9412, "PPNCL2": 0.00022302, "ACOAD1f": -0.13779, "ACLS": 0.3385, "DM_4CRSOL": 8.6341e-05, "ACODA": 0.11453, "LALDO2x": 9.9754e-13, "PTAr": -0.22556, "GLU5K": 0.085588, "APRAUR": 0.00017268, "IG3PS": 0.036681, "EX_ala-L(e)": 33.5752, "PE160abcpp": 0.017789, "PPND": 0.053477, "ADSL2r": 0.17346, "DHPS2": 0.00025902, "DNMPPA": 0.00025902, "GLUDyswap": -36.8705, "UAGPT3": 0.010759, "EX_meoh(e)": 7.7436e-07, "ACHBS": 0.11249, "GART": 0.043233, "DRPA": 0.69584, "TDSK": 0.007533, "TYRL": 8.6341e-05, "LEUTAi": 0.17444, "MG2t3_2pp": 0.0033588, "NNATr": 0.000882, "PE161abcpp": 0.008154, "SDPDS": 0.14362, "HMBS": 0.00017268, "MDH": 0.27631, "PPBNGS": 0.00069073, "PPPGO3": 8.6341e-05, "FCLT": 8.6341e-05, "ASPK": 0.41393, "12PPDRtpp": -9.9754e-13, "H2Otpp": -44.6955, "GTPCII2": 0.00017268, "PPKr": -1.3567, "MOHMT": 0.00022302, "SADT2": 0.095971, "DHDPS": 0.14362, "UDCPDP": 0.010759, "DHAD1": 0.3385, "DHAD2": 0.11249, "HACD4": 0.13779, "EDA": 1.4471, "PDX5PS": 8.6341e-05, "MNtex": 0.00026754, "EDD": 1.4471, "UAPGR": 0.010759, "MEPCT": 0.00092498, "CO2tex": -1.4586, "ACOAD5f": -0.13779, "PRPPS": 0.3612, "DPR": 0.00022302, "DHFR": 0.01039, "DHFS": 0.00025902, "EXe2(e)": -0.0031954, "NH4tpp": 37.7625, "VALTA": -0.16384, "MPTSS": 0.00018894, "OGMEACPD": 7.7436e-07, "PPNDH": 0.071731, "PGL": 1.4471, "PGM": -36.5126, "PGK": -37.1567, "ADK1": 1.7124, "OGMEACPR": 7.7436e-07, "OGMEACPS": 7.7436e-07, "SUCOAS": 0.20322, "CHORS": 0.14756, "ETOHtrpp": -0.69584, "FE2tpp": 0.0031954, "EPMEACPR": 7.7436e-07, "DHNPA2r": 0.00025902, "KDOPP": 0.015066, "KDOPS": 0.015066, "OCBT": 0.11453, "FADRx": 0.84634, "ORPT": -0.12808, "EX_cl(e)": -0.0020153, "USHD": 0.007533, "OHPBAT": 8.6341e-05, "UAAGDS": 0.010759, "PRAMPC": 0.036681, "I2FE2SS2": 0.00010067, "RHCCE": 0.00017346, "CYSS": 0.095971, "DUTPDP": 0.010131, "IPMD": 0.17444, "PRATPP": 0.036681, "BMOGDS1": 4.7236e-05, "PAPSR": 0.095971, "5DOAN": 0.0002598, "BMOGDS2": 4.7236e-05, "DHDPRy": 0.14362, "PRAIS": 0.17355, "MECDPS": 0.00092498, "MPTAT": 9.4472e-05, "SO4tex": 0.097651, "IMPC": -0.21014, "PGCD": 0.6441, "IMPD": 0.094362, "ACOAD2f": -0.13779, "PHETA1": -0.071731, "EX_k(e)": -0.075575, "MALCOAMT": 7.7436e-07, "PSD161": 0.029121, "GLUPRT": 0.17355, "Eciomass_iJO1366_core_53p95M": -0.38718, "H2Otex": -44.6955, "ACONTa": 0.41629, "ACONTb": 0.41629, "PRFGS": 0.17355, "DAPDC": 0.13287, "GLCptspp": 20.0, "PSCVT": 0.14756, "3OAS140": 0.030132, "PSSA161": 0.029121, "PSSA160": 0.024708, "ASPCT": 0.12808, "ADNK1": 0.69628, "LCARR": 9.9754e-13, "CLtex": 0.0020153, "AGPAT160": 0.024708, "AGPAT161": 0.029121, "EX_etoh(e)": 0.69584, "DXPS": 0.0010977, "CAt6pp": -0.0020153, "FUM": 0.27543, "PRMICI": 0.036681, "OPHHX3": 8.6341e-05, "DAPE": 0.14362, "DBTS": 7.7436e-07, "KARA1": -0.3385, "KARA2": 0.11249, "ZN2tpp": 0.00013203, "ILETA": -0.11249, "FMNAT": 8.6341e-05, "ENO": 36.5126, "IPPMIb": -0.17444, "IPPMIa": -0.17444, "HACD1": 0.13779, "AOXSr2": 7.7436e-07, "HACD3": 0.13779, "HACD2": 0.13779, "HACD5": 0.13779, "G1SAT": 0.0013815, "HACD7": 0.10766, "HACD6": 0.10766, "SHCHF": 8.6341e-05, "ACACT5r": 0.13779, "MCTP1App": 0.0053795, "DHPPDA2": 0.00017268, "UPP3S": 0.00017268, "ACOAD6f": -0.10766, "ADSS": 0.11578, "SHSL1": 0.059591, "MTHFR2": 0.059765, "PSP_L": 0.6441, "G5SD": 0.085588, "IGPS": 0.022009, "ADSK": 0.095971, "DNTPPA": 0.00025902, "ALATA_L": -33.8057, "UAGAAT": 0.015066, "EX_h2o(e)": 44.6955, "AIRC2": 0.17346, "AIRC3": -0.17346, "MPTS": 9.4472e-05, "DB4PS": 0.00034537, "HISTP": 0.036681, "TRPAS2": -0.022009, "MPTG": 0.0053795, "TMDS": 0.010131, "IGPDH": 0.036681, "PDH": 0.9042, "EX_glyclt(e)": 0.00025902, "HISTD": 0.036681, "ASP1DC": 0.00022302, "GMPS2": 0.094362, "I2FE2SR": 7.7436e-07, "I2FE2SS": 0.00011073, "NI2tpp": 0.00012506, "I2FE2ST": 1.0841e-05, "PGAMT": -0.036584, "I4FE4ST": 0.00010067, "I4FE4SR": 0.00010067, "OPMEACPD": 7.7436e-07, "DXPRIi": 0.00092498, "OPMEACPS": 7.7436e-07, "OPMEACPR": 7.7436e-07, "DM_MTHTHF": 0.00017346, "ALAt2rpp": -33.5752, "DHORDfum": 0.12808, "CLt3_2pp": 0.0010076, "PRASCSi": 0.17346, "NDPK8": -0.69584, "RPE": -0.76447, "NDPK2": 0.16466, "NDPK3": 0.070043, "NDPK1": 0.30611, "TRDR": 0.095971, "NDPK4": 0.010131, "MCOATA": 0.030134, "HPPK2": 0.00025902, "G3PD2": -0.053829, "CO2tpp": -1.4586, "DTMPK": 0.010131, "FACOAE120": 0.030132, "AACPS4": 0.058243, "AACPS7": 0.030132, "MGSA": 9.9754e-13, "BTS5": 7.7436e-07, "AACPS3": 0.049415, "NI2tex": 0.00012506, "HCO3E": 0.2036, "SHCHD2": 8.6341e-05, "G3PAT160": 0.024708, "G3PAT161": 0.029121, "MECDPDH5": 0.00092498, "ACCOAC": 0.030134, "GHMT2r": 0.41075, "MOAT2": 0.007533, "RNTR1c2": 0.70598, "GLYt2rpp": -0.0020153, "UPPDC1": 8.6341e-05, "AMPMS2": 8.6341e-05, "UDCPDPS": 2.1295e-05, "DHQTi": 0.14756, "PERD": 8.6341e-05, "HSK": 0.21071, "IPDPS": 0.00081734, "ACOTA": -0.11453, "RBFSb": 0.00017268, "SULRi": 0.095971, "RBFSa": 0.00034537, "ALCD2x": -0.69584, "HSTPT": 0.036681, "THRS": 0.21071, "GAPD": 37.1567, "QULNS": 0.000882, "OCTDPS": 8.6341e-05, "ASNS2": 0.093332, "ATPPRT": 0.036681, "CU2tex": 0.00027451, "EGMEACPR": 7.7436e-07, "THRD_L": 0.11249, "RNTR3c2": 0.01046, "DHQS": 0.14756, "ACGS": 0.11453, "DM_AMOB": 7.7436e-07, "PRAIi": 0.022009, "ACGK": 0.11453, "CBMKr": 0.2426, "GK1": 0.094362, "ACACT6r": 0.10766, "FE2tex": 0.0031954, "FACOAE161": 0.058243, "FACOAE160": 0.049415, "CU2tpp": 0.00027451, "EX_ala-D(e)": 0.0053795, "GRTT": 0.00010764, "UMPK": 0.14637, "MOX": -0.000882, "ECOAH6": 0.10766, "ECOAH7": 0.10766, "ECOAH4": 0.13779, "ECOAH5": 0.13779, "ECOAH2": 0.13779, "ECOAH3": 0.13779, "EX_mg2(e)": -0.0033588, "ANPRT": 0.022009, "ANS": 0.022009, "ACOAD3f": -0.13779, "12PPDRtex": -9.9754e-13, "POR5": 0.73795, "NADK": 0.00017307, "PNTK": 0.00022302, "UAGCVT": 0.010759, "ASPTA": -1.1335, "DALAtex": -0.0053795, "DHPTDCs2": 0.00017346, "A5PISO": 0.015066, "ARGSL": 0.11453, "CTPS2": 0.062152, "TALA": -0.30841, "GARFT": 0.13032, "UAMAS": 0.010759, "ARGSS": 0.11453, "PPCDC": 0.00022302, "HSST": 0.059591, "3OAR140": 0.030132, "GCALDD": 0.00025902, "AMAOTr": 7.7436e-07, "CS": 0.41629, "UGMDDS": 0.010759, "ALAtex": -33.5752, "ACOAD7f": -0.049415, "PUNP1": -0.69628, "PUNP2": 0.69584, "EX_co2(e)": 1.4586, "EX_ca2(e)": -0.0020153, "PMPK": 8.6341e-05, "CPPPGO2": 8.6341e-05, "ASPO6": 0.000882, "GLYt4pp": 0.0020153, "TMPK": 8.6341e-05, "DMPPS": 0.00010764, "CPMPS": 9.4472e-05, "ACKr": 0.22556, "DHORTS": -0.12808, "ECOAH1": 0.13779, "ACACT2r": 0.13779, "PPC": 1.2744, "netFlux": 842.5593, "PPM": -0.69628, "EX_h(e)": 37.3981, "PRAGSr": 0.17355, "IPPS": 0.17444, "TPI": 17.6971, "EX_pi(e)": -0.37349, "DADK": -0.69584, "SDPTA": -0.14362, "SUCCtex": -0.12834, "ALAALAr": 0.010759, "BPNT": 0.095971, "Zn2tex": 0.00013203, "CA2tex": 0.0020153, "DASYN160": 0.024708, "PSERT": 0.6441, "GLNS": 0.70104, "MEOHtex": -7.7436e-07, "EX_cu2(e)": -0.00027451, "AICART": 0.21014, "THZPSN3": 8.6341e-05, "LPADSS": 0.007533, "NNDPR": 0.000882, "RBFK": 8.6341e-05, "ILEabcpp": 3.9412, "PTPATi": 0.00022302, "RPI": -0.74906, "ETOHtex": -0.69584, "MG2tex": 0.0033588, "AHCYSNS": 0.00017346, "DASYN161": 0.029121, "NADS1": 0.000882, "TKT2": -0.45606, "TKT1": -0.30841, "PPM2": 0.69584, "EX_mn2(e)": -0.00026754, "MTHTHFSs": 0.00017346, "METS": 0.059765, "KDOCT2": 0.015066, "SERAT": 0.095971, "K2L4Aabcpp": 0.007533, "GLUR": -0.010759, "NH4tex": 37.7625, "RNTR2c2": 0.01046, "EX_succ(e)": 0.12834, "PMDPHT": 0.00017268, "EX_mobd(e)": -4.9946e-05, "EX_so4(e)": -0.097651, "ACOAD4f": -0.13779, "GLYCLTt2rpp": -0.00025902, "PIuabcpp": 0.37349, "EX_nh4(e)": -37.7625,