{"A":{"0":0.3713468923,"1":0.0995351185,"2":-0.7330805344,"3":1.2303198216,"4":0.6752023548,"5":0.674867874,"6":-0.8485828215,"7":-0.1291747596},"B":{"0":-0.5682071576,"1":0.0787264763,"2":-1.1311622619,"3":-0.2380461795,"4":1.572175232,"5":0.9484858503,"6":0.2312958578,"7":-0.3069507625},"C":{"0":-0.1878097513,"1":0.2701826538,"2":0.3427323554,"3":0.0344472876,"4":-0.7034289204,"5":1.0259175359,"6":-0.2495824076,"7":0.7708445148},"D":{"0":0.9873416309,"1":0.6456958773,"2":-1.200827955,"3":0.1587719112,"4":-1.9656909136,"5":0.0373003637,"6":1.0435146606,"7":-0.4912799048}}